"Time of Day","Process Name","Image Path","Operation","Path","Result","Detail","Duration","TID"
"19:48:44.4319808","MsMpEng.exe","C:\Program Files\Windows Defender\MsMpEng.exe","CreateFile","C:\Users\watcher\AppData\Local\Temp","SUCCESS","Desired Access: Read Attributes, Disposition: Open, Options: Open For Backup, Open Reparse Point, Attributes: n/a, ShareMode: Read, Write, Delete, AllocationSize: n/a, OpenResult: Opened","0.0000063","3988"
"19:48:44.4319942","MsMpEng.exe","C:\Program Files\Windows Defender\MsMpEng.exe","QueryBasicInformationFile","C:\Users\watcher\AppData\Local\Temp","SUCCESS","CreationTime: 08/01/2023 11:38:56, LastAccessTime: 04/06/2023 19:48:44, LastWriteTime: 04/06/2023 19:48:38, ChangeTime: 04/06/2023 19:48:38, FileAttributes: D","0.0000018","3988"
"19:48:44.4320026","MsMpEng.exe","C:\Program Files\Windows Defender\MsMpEng.exe","CloseFile","C:\Users\watcher\AppData\Local\Temp","SUCCESS","","0.0000023","3988"
"19:48:44.4320283","MsMpEng.exe","C:\Program Files\Windows Defender\MsMpEng.exe","RegEnumValue","HKCU\Environment","SUCCESS","Index: 2, Name: TMP, Type: REG_EXPAND_SZ, Length: 66, Data: %USERPROFILE%\AppData\Local\Temp","0.0000018","3988"
"19:48:44.4321047","MsMpEng.exe","C:\Program Files\Windows Defender\MsMpEng.exe","CreateFile","C:\Users\watcher\AppData\Local\Temp","SUCCESS","Desired Access: Read Attributes, Disposition: Open, Options: Open For Backup, Open Reparse Point, Attributes: n/a, ShareMode: Read, Write, Delete, AllocationSize: n/a, OpenResult: Opened","0.0000043","3988"
"19:48:44.4321154","MsMpEng.exe","C:\Program Files\Windows Defender\MsMpEng.exe","QueryBasicInformationFile","C:\Users\watcher\AppData\Local\Temp","SUCCESS","CreationTime: 08/01/2023 11:38:56, LastAccessTime: 04/06/2023 19:48:44, LastWriteTime: 04/06/2023 19:48:38, ChangeTime: 04/06/2023 19:48:38, FileAttributes: D","0.0000021","3988"
"19:48:44.4321303","MsMpEng.exe","C:\Program Files\Windows Defender\MsMpEng.exe","CloseFile","C:\Users\watcher\AppData\Local\Temp","SUCCESS","","0.0000021","3988"
"19:48:44.4321537","MsMpEng.exe","C:\Program Files\Windows Defender\MsMpEng.exe","RegEnumValue","HKCU\Environment","SUCCESS","Index: 3, Name: OneDrive, Type: REG_EXPAND_SZ, Length: 52, Data: C:\Users\watcher\OneDrive","0.0000017","3988"
"19:48:44.4321659","MsMpEng.exe","C:\Program Files\Windows Defender\MsMpEng.exe","RegEnumValue","HKCU\Environment","SUCCESS","Index: 4, Name: ChocolateyLastPathUpdate, Type: REG_SZ, Length: 38, Data: 133176500785827981","0.0000013","3988"
"19:48:44.4321739","MsMpEng.exe","C:\Program Files\Windows Defender\MsMpEng.exe","RegEnumValue","HKCU\Environment","SUCCESS","Index: 5, Name: PSModulePath, Type: REG_SZ, Length: 106, Data: C:\Users\watcher\Documents\WindowsPowerShell\Modules","0.0000014","3988"
"19:48:44.4321816","MsMpEng.exe","C:\Program Files\Windows Defender\MsMpEng.exe","RegEnumValue","HKCU\Environment","SUCCESS","Index: 6, Name: ChocolateyToolsLocation, Type: REG_SZ, Length: 18, Data: C:\Tools","0.0000012","3988"
"19:48:44.4321915","MsMpEng.exe","C:\Program Files\Windows Defender\MsMpEng.exe","RegCloseKey","HKCU\Environment","SUCCESS","","0.0000011","3988"
"19:48:44.4321999","MsMpEng.exe","C:\Program Files\Windows Defender\MsMpEng.exe","RegQueryKey","HKCU","SUCCESS","Query: HandleTags, HandleTags: 0x0","0.0000007","3988"
"19:48:44.4322116","MsMpEng.exe","C:\Program Files\Windows Defender\MsMpEng.exe","RegOpenKey","HKCU\Volatile Environment","SUCCESS","Desired Access: Read","0.0000030","3988"
"19:48:44.4322213","MsMpEng.exe","C:\Program Files\Windows Defender\MsMpEng.exe","RegQueryKey","HKCU\Volatile Environment","SUCCESS","Query: Cached, SubKeys: 1, Values: 9","0.0000013","3988"
"19:48:44.4322291","MsMpEng.exe","C:\Program Files\Windows Defender\MsMpEng.exe","RegEnumValue","HKCU\Volatile Environment","SUCCESS","Index: 0, Name: LOGONSERVER, Type: REG_SZ, Length: 36, Data: \\DESKTOP-93ROUGU","0.0000016","3988"
"19:48:44.4322401","MsMpEng.exe","C:\Program Files\Windows Defender\MsMpEng.exe","RegEnumValue","HKCU\Volatile Environment","SUCCESS","Index: 1, Name: USERDOMAIN, Type: REG_SZ, Length: 32, Data: DESKTOP-93ROUGU","0.0000011","3988"
"19:48:44.4322523","MsMpEng.exe","C:\Program Files\Windows Defender\MsMpEng.exe","RegEnumValue","HKCU\Volatile Environment","SUCCESS","Index: 2, Name: USERNAME, Type: REG_SZ, Length: 16, Data: watcher","0.0000014","3988"
"19:48:44.4322628","MsMpEng.exe","C:\Program Files\Windows Defender\MsMpEng.exe","RegEnumValue","HKCU\Volatile Environment","SUCCESS","Index: 3, Name: USERPROFILE, Type: REG_SZ, Length: 34, Data: C:\Users\watcher","0.0000012","3988"
