"Time of Day","Process Name","Image Path","PID","Operation","Path","Result","Detail","Duration"
"05:55:18.9085778","svchost.exe","C:\Windows\system32\svchost.exe","2832","ReadFile","C:\Windows\System32\wbem\Repository\OBJECTS.DATA","SUCCESS","Offset: 22,528,000, Length: 8,192","0.0000041"
"05:55:18.9086320","svchost.exe","C:\Windows\system32\svchost.exe","2832","ReadFile","C:\Windows\System32\wbem\Repository\OBJECTS.DATA","SUCCESS","Offset: 2,588,672, Length: 8,192","0.0000043"
"05:55:18.9086501","svchost.exe","C:\Windows\system32\svchost.exe","2832","ReadFile","C:\Windows\System32\wbem\Repository\OBJECTS.DATA","SUCCESS","Offset: 22,511,616, Length: 8,192","0.0000032"
"05:55:18.9087112","svchost.exe","C:\Windows\system32\svchost.exe","2832","ReadFile","C:\Windows\System32\wbem\Repository\OBJECTS.DATA","SUCCESS","Offset: 23,584,768, Length: 8,192","0.0000043"
"05:55:18.9087265","svchost.exe","C:\Windows\system32\svchost.exe","2832","ReadFile","C:\Windows\System32\wbem\Repository\OBJECTS.DATA","SUCCESS","Offset: 22,462,464, Length: 8,192","0.0000041"
"05:55:18.9087603","svchost.exe","C:\Windows\system32\svchost.exe","2832","ReadFile","C:\Windows\System32\wbem\Repository\OBJECTS.DATA","SUCCESS","Offset: 8,511,488, Length: 8,192","0.0000126"
"05:55:18.9087927","svchost.exe","C:\Windows\system32\svchost.exe","2832","ReadFile","C:\Windows\System32\wbem\Repository\OBJECTS.DATA","SUCCESS","Offset: 23,142,400, Length: 8,192","0.0000147"
"05:55:18.9088832","svchost.exe","C:\Windows\system32\svchost.exe","2832","ReadFile","C:\Windows\System32\wbem\Repository\OBJECTS.DATA","SUCCESS","Offset: 23,109,632, Length: 8,192","0.0000044"
"05:55:18.9088985","svchost.exe","C:\Windows\system32\svchost.exe","2832","ReadFile","C:\Windows\System32\wbem\Repository\OBJECTS.DATA","SUCCESS","Offset: 22,454,272, Length: 8,192","0.0000045"
"05:55:18.9089746","svchost.exe","C:\Windows\system32\svchost.exe","2832","ReadFile","C:\Windows\System32\wbem\Repository\OBJECTS.DATA","SUCCESS","Offset: 22,544,384, Length: 8,192","0.0000048"
"05:55:18.9089931","svchost.exe","C:\Windows\system32\svchost.exe","2832","ReadFile","C:\Windows\System32\wbem\Repository\OBJECTS.DATA","SUCCESS","Offset: 17,358,848, Length: 8,192","0.0000041"
"05:55:18.9090202","svchost.exe","C:\Windows\system32\svchost.exe","2832","ReadFile","C:\Windows\System32\wbem\Repository\OBJECTS.DATA","SUCCESS","Offset: 24,109,056, Length: 8,192","0.0000036"
"05:55:18.9090832","svchost.exe","C:\Windows\system32\svchost.exe","2832","ReadFile","C:\Windows\System32\wbem\Repository\OBJECTS.DATA","SUCCESS","Offset: 23,183,360, Length: 8,192","0.0000034"
"05:55:18.9091651","svchost.exe","C:\Windows\system32\svchost.exe","2832","ReadFile","C:\Windows\System32\wbem\Repository\OBJECTS.DATA","SUCCESS","Offset: 23,166,976, Length: 8,192","0.0000033"
"05:55:18.9092359","svchost.exe","C:\Windows\system32\svchost.exe","2832","ReadFile","C:\Windows\System32\wbem\Repository\OBJECTS.DATA","SUCCESS","Offset: 23,429,120, Length: 8,192","0.0000034"
"05:55:18.9092937","svchost.exe","C:\Windows\system32\svchost.exe","2832","ReadFile","C:\Windows\System32\wbem\Repository\OBJECTS.DATA","SUCCESS","Offset: 23,846,912, Length: 8,192","0.0000047"
"05:55:18.9093231","svchost.exe","C:\Windows\system32\svchost.exe","2832","ReadFile","C:\Windows\System32\wbem\Repository\OBJECTS.DATA","SUCCESS","Offset: 23,592,960, Length: 8,192","0.0000030"
"05:55:18.9093840","svchost.exe","C:\Windows\system32\svchost.exe","2832","ReadFile","C:\Windows\System32\wbem\Repository\OBJECTS.DATA","SUCCESS","Offset: 23,175,168, Length: 8,192","0.0000032"
"05:55:18.9094679","svchost.exe","C:\Windows\system32\svchost.exe","2832","ReadFile","C:\Windows\System32\wbem\Repository\OBJECTS.DATA","SUCCESS","Offset: 22,298,624, Length: 8,192","0.0000039"
"05:55:18.9095356","svchost.exe","C:\Windows\system32\svchost.exe","2832","ReadFile","C:\Windows\System32\wbem\Repository\OBJECTS.DATA","SUCCESS","Offset: 23,609,344, Length: 8,192","0.0000055"
"05:55:18.9095919","svchost.exe","C:\Windows\system32\svchost.exe","2832","ReadFile","C:\Windows\System32\wbem\Repository\OBJECTS.DATA","SUCCESS","Offset: 23,658,496, Length: 8,192","0.0000033"
"05:55:18.9096304","svchost.exe","C:\Windows\system32\svchost.exe","2832","ReadFile","C:\Windows\System32\wbem\Repository\OBJECTS.DATA","SUCCESS","Offset: 22,560,768, Length: 8,192","0.0000031"
"05:55:18.9097472","svchost.exe","C:\Windows\system32\svchost.exe","2832","ReadFile","C:\Windows\System32\wbem\Repository\OBJECTS.DATA","SUCCESS","Offset: 335,872, Length: 8,192","0.0000056"
"05:55:18.9097764","svchost.exe","C:\Windows\system32\svchost.exe","2832","ReadFile","C:\Windows\System32\wbem\Repository\OBJECTS.DATA","SUCCESS","Offset: 22,478,848, Length: 8,192","0.0000035"
"05:55:18.9097991","svchost.exe","C:\Windows\system32\svchost.exe","2832","ReadFile","C:\Windows\System32\wbem\Repository\OBJECTS.DATA","SUCCESS","Offset: 14,876,672, Length: 8,192","0.0000065"
"05:55:18.9098779","svchost.exe","C:\Windows\system32\svchost.exe","2832","ReadFile","C:\Windows\System32\wbem\Repository\OBJECTS.DATA","SUCCESS","Offset: 23,117,824, Length: 8,192","0.0000126"
"05:55:18.9099333","svchost.exe","C:\Windows\system32\svchost.exe","2832","ReadFile","C:\Windows\System32\wbem\Repository\OBJECTS.DATA","SUCCESS","Offset: 22,323,200, Length: 8,192","0.0000049"
"05:55:18.9100279","svchost.exe","C:\Windows\system32\svchost.exe","2832","ReadFile","C:\Windows\System32\wbem\Repository\OBJECTS.DATA","SUCCESS","Offset: 23,191,552, Length: 8,192","0.0000035"
"05:55:18.9100769","svchost.exe","C:\Windows\system32\svchost.exe","2832","ReadFile","C:\Windows\System32\wbem\Repository\OBJECTS.DATA","SUCCESS","Offset: 12,369,920, Length: 8,192","0.0000040"
"05:55:18.9101780","svchost.exe","C:\Windows\system32\svchost.exe","2832","ReadFile","C:\Windows\System32\wbem\Repository\OBJECTS.DATA","SUCCESS","Offset: 23,625,728, Length: 8,192","0.0000043"
"05:55:18.9102715","svchost.exe","C:\Windows\system32\svchost.exe","2832","ReadFile","C:\Windows\System32\wbem\Repository\OBJECTS.DATA","SUCCESS","Offset: 23,617,536, Length: 8,192","0.0000045"
"05:55:18.9102888","svchost.exe","C:\Windows\system32\svchost.exe","2832","ReadFile","C:\Windows\System32\wbem\Repository\OBJECTS.DATA","SUCCESS","Offset: 16,965,632, Length: 8,192","0.0000067"
"05:55:18.9103230","svchost.exe","C:\Windows\system32\svchost.exe","2832","ReadFile","C:\Windows\System32\wbem\Repository\OBJECTS.DATA","SUCCESS","Offset: 13,221,888, Length: 8,192","0.0000045"
"05:55:18.9104174","svchost.exe","C:\Windows\system32\svchost.exe","2832","ReadFile","C:\Windows\System32\wbem\Repository\OBJECTS.DATA","SUCCESS","Offset: 12,664,832, Length: 8,192","0.0000053"
"05:55:18.9105909","svchost.exe","C:\Windows\system32\svchost.exe","2832","ReadFile","C:\Windows\System32\wbem\Repository\OBJECTS.DATA","SUCCESS","Offset: 23,552,000, Length: 8,192","0.0000034"
"05:55:18.9106526","svchost.exe","C:\Windows\system32\svchost.exe","2832","ReadFile","C:\Windows\System32\wbem\Repository\OBJECTS.DATA","SUCCESS","Offset: 17,358,848, Length: 8,192","0.0000038"
"05:55:18.9106772","svchost.exe","C:\Windows\system32\svchost.exe","2832","ReadFile","C:\Windows\System32\wbem\Repository\OBJECTS.DATA","SUCCESS","Offset: 16,113,664, Length: 8,192","0.0000040"
"05:55:18.9108413","svchost.exe","C:\Windows\system32\svchost.exe","2832","ReadFile","C:\Windows\System32\wbem\Repository\OBJECTS.DATA","SUCCESS","Offset: 20,758,528, Length: 8,192","0.0000040"
"05:55:18.9108761","svchost.exe","C:\Windows\system32\svchost.exe","2832","ReadFile","C:\Windows\System32\wbem\Repository\OBJECTS.DATA","SUCCESS","Offset: 2,588,672, Length: 8,192","0.0000037"
"05:55:18.9109174","svchost.exe","C:\Windows\system32\svchost.exe","2832","ReadFile","C:\Windows\System32\wbem\Repository\OBJECTS.DATA","SUCCESS","Offset: 24,174,592, Length: 8,192","0.0000229"
"05:55:18.9109503","svchost.exe","C:\Windows\system32\svchost.exe","2832","ReadFile","C:\Windows\System32\wbem\Repository\OBJECTS.DATA","SUCCESS","Offset: 23,175,168, Length: 8,192","0.0000036"
"05:55:18.9110348","svchost.exe","C:\Windows\system32\svchost.exe","2832","ReadFile","C:\Windows\System32\wbem\Repository\OBJECTS.DATA","SUCCESS","Offset: 17,473,536, Length: 8,192","0.0000042"
"05:55:18.9110835","svchost.exe","C:\Windows\system32\svchost.exe","2832","ReadFile","C:\Windows\System32\wbem\Repository\OBJECTS.DATA","SUCCESS","Offset: 22,577,152, Length: 8,192","0.0000048"
"05:55:18.9111903","svchost.exe","C:\Windows\system32\svchost.exe","2832","ReadFile","C:\Windows\System32\wbem\Repository\OBJECTS.DATA","SUCCESS","Offset: 22,495,232, Length: 8,192","0.0000038"
"05:55:18.9112374","svchost.exe","C:\Windows\system32\svchost.exe","2832","ReadFile","C:\Windows\System32\wbem\Repository\OBJECTS.DATA","SUCCESS","Offset: 24,133,632, Length: 8,192","0.0000097"
"05:55:18.9112720","svchost.exe","C:\Windows\system32\svchost.exe","2832","ReadFile","C:\Windows\System32\wbem\Repository\OBJECTS.DATA","SUCCESS","Offset: 15,212,544, Length: 8,192","0.0000053"
"05:55:18.9113444","svchost.exe","C:\Windows\system32\svchost.exe","2832","ReadFile","C:\Windows\System32\wbem\Repository\OBJECTS.DATA","SUCCESS","Offset: 12,935,168, Length: 8,192","0.0000159"
"05:55:18.9113916","svchost.exe","C:\Windows\system32\svchost.exe","2832","ReadFile","C:\Windows\System32\wbem\Repository\OBJECTS.DATA","SUCCESS","Offset: 22,904,832, Length: 8,192","0.0000059"
"05:55:18.9115834","svchost.exe","C:\Windows\system32\svchost.exe","2832","ReadFile","C:\Windows\System32\wbem\Repository\OBJECTS.DATA","SUCCESS","Offset: 22,323,200, Length: 8,192","0.0000044"
"05:55:18.9116212","svchost.exe","C:\Windows\system32\svchost.exe","2832","ReadFile","C:\Windows\System32\wbem\Repository\OBJECTS.DATA","SUCCESS","Offset: 23,076,864, Length: 8,192","0.0000096"
