filename,label
Trojan-Downloader.Win32.Dupzom.bpj-1f33e79fbf8be5cc3b85e860a5699d775bf229401d675a8f00877699cd415b00.exe.PML.csv,MALICIOUS
UDS-DangerousObject.Multi.Generic-f5235ce0658932a9a77fe84336ddc43bd2b1815e4d2fc00182f86ebf340e4201.exe.PML.csv,MALICIOUS
Trojan.BAT.Agent.brr-c3625bfa4f26f10901178b585e0c349a1fc66a9b99bb75dfdef3bd75bd1336de.exe.PML.csv,MALICIOUS
Trojan.BAT.Agent.brr-aeb64f7007a507bf2925ee366b287aa7f2bead591efe268ba40f44c086d66131.exe.PML.csv,MALICIOUS
2022-10-12_0421d8a6e2a52eb0a892abcfa29f5f0e_cryptolocker.exe.PML.csv,MALICIOUS
notepad++.exe.PML.csv,BENIGN
HEUR-Trojan.Win32.Generic-f0b996ca7b8d1cfe16e01be0d34f4fcf853f8e9050a825daa437960b94043a40.exe.PML.csv,MALICIOUS
Trojan.BAT.Agent.brr-969a8dfc24e4635ed9198b39cfdc5e78e8a1199c0484bf818455d61aabcb02a0.exe.PML.csv,MALICIOUS
2022-10-12_14362988706c179d422a2ed150862ded_cryptolocker.exe.PML.csv,MALICIOUS
Trojan-Banker.Win32.Banker.amer-8c765bdd8f594a49c06d00b7fda8107343655bcc63dcbfa3fd12da0b3e667f5d.exe.PML.csv,MALICIOUS
nmap-7.94-setup.exe.PML.csv,BENIGN
PacketTracer.exe.PML.csv,BENIGN
Trojan.Win32.Inject.bamr-05954fa0fcd5d1ec8155292e60b97bb93e2d848e0a23eb98430af13a84a43879.exe.PML.csv,MALICIOUS
2022-10-12_224637fd3b6f40ce9f7e8122e9b69a0f_cryptolocker.exe.PML.csv,MALICIOUS
Full_Webpack-49.10.4647-OJ8010_Full_Webpack.exe.PML.csv,BENIGN
Net2.exe.PML.csv,BENIGN
Trojan.BAT.Agent.brr-e62ca056717ef84a71799cb7b7d0b98d8e4f5290c4261b6726892f24642de235.exe.PML.csv,MALICIOUS
7z2301-x64.exe.PML.csv,BENIGN
rustdesk-port.exe.PML.csv,BENIGN
Setup.X64.en-US_HomeBusinessRetail_0406dfd7-3864-4ed8-a721-110a058f78b9_TX_DB_.exe.PML.csv,BENIGN
Trojan.Win32.Inject.bamr-08d579936ab0b45fa85a1480853f3a424aa16c9d071f2c749232d5f26277dcd5.exe.PML.csv,MALICIOUS
Trojan.BAT.Agent.brr-f28587ce507d6221a05dd2587859e05de2643c291fff872accb3861bdde70920.exe.PML.csv,MALICIOUS
Trojan.BAT.Agent.brr-96104453db9dc61e2a1b8206cb1a1e9250ca406e0ea9f1660b9bb8e305e9d898.exe.PML.csv,MALICIOUS
HEUR-Backdoor.Win32.Generic-302c010ea9f48aa392bae566a6ca71376934dfd0405c81d6e897cf4b41254b6b.exe.PML.csv,MALICIOUS
2022-10-12_0a4f1bae0671adedf52539e5b0f5668f_cryptolocker.exe.PML.csv,MALICIOUS
Trojan.Win32.Scar.ljtl-beb6a1c43faf8c8bb1bca2c1ba68dfbd5969eac6235f2541305c9763acc717c8.exe.PML.csv,MALICIOUS
Trojan-Downloader.Win32.Dupzom.bpj-c9552ae0369e0f6a5db5f1d893a7140be8eeaaca71b111bcfc6fa6b699d23ec0.exe.PML.csv,MALICIOUS
UDS-DangerousObject.Multi.Generic-e4d322ad1734c42a6d98d761a14975cbb8f27b0ddafca0714822ae2a229c8bf2.exe.PML.csv,MALICIOUS
2022-10-12_03a689622574592371245ecd0cb75bfa_cryptolocker.exe.PML.csv,MALICIOUS
Trojan.BAT.Agent.brr-37b905993938e525177c4ba25a34322ce507df942bf0b2f4e7d39ff27ac171c5.exe.PML.csv,MALICIOUS
Teams.exe.PML.csv,BENIGN
Audacity.exe.PML.csv,BENIGN
CCleaner64.exe.PML.csv,BENIGN
MSACCESS.EXE.PML.csv,BENIGN
2022-10-12_180e755b6673fedaf22d29e519fb9b98_cryptolocker.exe.PML.csv,MALICIOUS
Backdoor.Win32.Zegost.mttoe-7e71d454fe7bf48cfe479302c72908dbc1db57db9a1cef95e621ed165d6d80c4.exe.PML.csv,MALICIOUS
vncviewer.exe.PML.csv,BENIGN
Trojan.Win32.Agent.xnzi-74be3da912ae6ea61052503aebc38c99e828c2c7a6bd32e92d640054d6e4e79a.exe.PML.csv,MALICIOUS
Trojan-Ransom.Win32.PornoBlocker.ekjt-fb39cf30c0fc5361b1c17d1394a1fb8d7d4816a5540a28370c7010b0e0fce6c7.exe.PML.csv,MALICIOUS
SteamSetup.exe.PML.csv,BENIGN
Trojan.BAT.Agent.brr-73e97a62833f99f86dafd15a16f2fb0c685e543671c8bfeea1066b4df3a80225.exe.PML.csv,MALICIOUS
Trojan.BAT.Agent.brr-15a42e4d53462106ef0c68a556734af4aca868401e0f30fcfd15e6eeb39788db.exe.PML.csv,MALICIOUS
OUTLOOK.EXE.PML.csv,BENIGN
Trojan.BAT.Agent.brr-9f46a7035b26b1ff5c3078dbf59a8e240981ccdf031f3188ccae055d9704578a.exe.PML.csv,MALICIOUS
2022-10-12_0172e978192cc92b1d9aee136cd06e67_cryptolocker.exe.PML.csv,MALICIOUS
setup.exe.PML.csv,BENIGN
Trojan.BAT.Agent.brr-3355a64f18dd6da45af211fa65da96a95c4b72859e86ec216a0d5effa2bd6ffb.exe.PML.csv,MALICIOUS
Trojan.BAT.Agent.brr-07db911f3db13cf8017300cbe7810ecb6fbdce4803051a9e4a8bd05838a5ce09.exe.PML.csv,MALICIOUS
Trojan.BAT.Agent.brr-d33273eaa338c6fb80bf578e0c24c5b27f3630b859b717a453b42f58d64036fe.exe.PML.csv,MALICIOUS
2022-10-12_13023d4ab086d7fe8caf36a9048c510d_cryptolocker.exe.PML.csv,MALICIOUS
FileZilla_3.57.0_win64_sponsored-setup.exe.PML.csv,BENIGN
ImageGlass.exe.PML.csv,BENIGN
Trojan.BAT.Agent.brr-d44b5d20c482af19ea7fdb5f89c1c3879bcb9ed4b5383cbd7ebdd2fc26ea9d71.exe.PML.csv,MALICIOUS
2022-10-12_150ed40834b4361be422d61b15285217_cryptolocker.exe.PML.csv,MALICIOUS
Trojan.BAT.Agent.brr-7a96b6c9b6117d829dc47655f17c3b0f6788debb5e67f67dee0a88d1f97f4e2e.exe.PML.csv,MALICIOUS
HEUR-Trojan.Win32.Generic-4d50d15721cfb645e1850709caea7074ab7093a10c4441ae784facc5dc30737d.exe.PML.csv,MALICIOUS
node.exe.PML.csv,BENIGN
2022-10-12_22a089fb644958c88b2749e45c80c162_cryptolocker.exe.PML.csv,MALICIOUS
UDS-DangerousObject.Multi.Generic-3bee608a86e893a891d13d40e6df7b486733053b91c6bbc4d603b0b457ac898f.exe.PML.csv,MALICIOUS
Trojan.BAT.Agent.brr-ade2bb185a0d19f9b18172c0c24cc60025e834c6fd8f20e6b1d59f6a3a0d33c2.exe.PML.csv,MALICIOUS
HackTool.Win32.Binder.bs-93b154da81c3a4487645da1841843205c853a46074ec326d683a898825c18ab3.exe.PML.csv,MALICIOUS
Trojan.BAT.Agent.brr-47771ee3700308321b2e8dc0aa099cd89dbb5072d1afb896fa06628beada320e.exe.PML.csv,MALICIOUS
Trojan.BAT.Agent.brr-a4ca08f1cfe73a41e97756316826c5930842f8abc2814fe39d8e30c9e8d78e8d.exe.PML.csv,MALICIOUS
2022-10-12_229156d5e62cbafb14f9248de4fc9c72_cryptolocker.exe.PML.csv,MALICIOUS
Trojan-Downloader.Win32.Dupzom.bpj-bf721abb3b27766735a33d60be5c0db4d41b8d3f2214f598ed9a09a108860036.exe.PML.csv,MALICIOUS
Trojan.BAT.Agent.brr-cba028b9688e1c173d3b84c9f32f8cfc3a412ca5fd007cd6e069e5b087b78d97.exe.PML.csv,MALICIOUS
Trojan-Downloader.Win32.Genome.dbxl-deae546f113c390bed0822cdb060ac52c5ef999d86894c8d78dc88c3e87d27ec.exe.PML.csv,MALICIOUS
Trojan.BAT.Agent.brr-55fc400b3f062a4e70092460db3d7d618dd0a53ab22dbd5e0ac99f5b80332310.exe.PML.csv,MALICIOUS
JavaSetup8u151.exe.PML.csv,BENIGN
2022-10-12_126a2a61369dc1459cb7854ce08d668f_magniber.exe.PML.csv,MALICIOUS
Trojan.BAT.Agent.brr-7d22c01c608b492fba682b709e3d8557693e7089bb9f989d629ceb411db4053d.exe.PML.csv,MALICIOUS
2022-10-12_15d4622ec3ae234a222f1f466020c875_cryptolocker.exe.PML.csv,MALICIOUS
2022-10-12_27a197b757bd8479172e7f9b22011883_gandcrab.exe.PML.csv,MALICIOUS
2022-10-12_19a5829b6f51101d0d5c9b7d9dd3e7f3_hacktools_icedid.exe.PML.csv,MALICIOUS
2022-10-12_238fb3ba2ffa2fbfec63d2bb9165098a_cryptolocker.exe.PML.csv,MALICIOUS
Trojan.BAT.Agent.brr-d3009b1a7a50525257203730a55d9a254a87bd4cc8d706093d56e2a52a63c585.exe.PML.csv,MALICIOUS
2022-10-12_2aac1bb7dfe4121ca82e4e7b45cd06bc_cryptolocker.exe.PML.csv,MALICIOUS
Trojan.BAT.Agent.brr-9510ae4164e5a999b78fa4b7b629d11e62a24a478d0afd667ec9589e0843eea7.exe.PML.csv,MALICIOUS
2022-10-12_16467dfc70fb2d24c4877a441551e2a1_cryptolocker.exe.PML.csv,MALICIOUS
Trojan-Banker.Win32.Bancos.mk-c6a6693b259c3e3a75f68c9339fa8f88ec9c637af14e814a0d6bd057f95ea8eb.exe.PML.csv,MALICIOUS
Trojan.BAT.Agent.brr-ac0bbd4edd4c07d702449ab3c2e48e6f0c0a59241a73739bb9b753f60adbc74b.exe.PML.csv,MALICIOUS
javaws.exe.PML.csv,BENIGN
AcroRdrDCx642300320201_en_US.exe.PML.csv,BENIGN
Trojan.BAT.Agent.brr-b2fa0060dd6a52a887f9538f0a2e7c5341a36db99ea96f8a4a403d96c0330020.exe.PML.csv,MALICIOUS
Trojan.BAT.Agent.brr-4c0175b32d429ee41550b28073aa2de413d16551534971e5a4012445c8be5417.exe.PML.csv,MALICIOUS
2022-10-12_2b57086a2d62df4aefd58c80bd4b1fdf_mafia_nionspy.exe.PML.csv,MALICIOUS
2022-10-12_1e4dbc8093eaef81577c4d8d483ee35a_virlock.exe.PML.csv,MALICIOUS
lync99.exe.PML.csv,BENIGN
2022-10-12_0e4876873a5cefecb864bdf3b7015964_cryptolocker.exe.PML.csv,MALICIOUS
Trojan-Downloader.Win32.Dupzom.bpj-3fe7a6e450ee2a2520865ec06aacba00077e7ffea5c8d7a4734841293fcd0d34.exe.PML.csv,MALICIOUS
2022-10-12_15b6fc806ee6264605c49a8caeaf00c0_mafia_nionspy.exe.PML.csv,MALICIOUS
ganttproject.exe.PML.csv,BENIGN
Trojan.BAT.Agent.brr-b55b3b48051da4b5a462660bc5c2cd49dd667045c751c4db2cd4139cb1178c25.exe.PML.csv,MALICIOUS
Trojan.BAT.Agent.brr-9bc216688917b58f16e6dd5d883df386af86ac4228ead85caa507f4a34e7b7b5.exe.PML.csv,MALICIOUS
2022-10-12_0917bfee00a9cbbf9f407aa9732ad43f_cryptolocker.exe.PML.csv,MALICIOUS
HEUR-Trojan.Win32.Agent.gen-8e19011fee63d87a45e0d0b80465701090eb69ae70886fb1c2af41b2fd7ea043.exe.PML.csv,MALICIOUS
vlc-3.0.18-win32.exe.PML.csv,BENIGN
iperf3.exe.PML.csv,BENIGN
Trojan.BAT.Agent.brr-f76301971c0effb614a2e1a809f6004de53c17a01fbb88639222a96df7838908.exe.PML.csv,MALICIOUS
Trojan-Downloader.Win32.Dupzom.bpj-84756fc8531e498c9d17bfaf065e62cb5bcf025b5d7be59c9b53fc936f5fe16b.exe.PML.csv,MALICIOUS
SpotifySetup.exe.PML.csv,BENIGN
HEUR-Trojan.Win32.Generic-807c5cd075d873326c30daf5ee40b93f43f526c25a59030cebc2d944eb6ac3c5.exe.PML.csv,MALICIOUS
2022-10-12_088eb4e39babc2b22b2a9e07dca3cc1d_cryptolocker.exe.PML.csv,MALICIOUS
2022-10-12_004a94461e50b6ff7b1f54766a591b85_cryptolocker.exe.PML.csv,MALICIOUS
DiscordSetup.exe.PML.csv,BENIGN
Trojan.BAT.Agent.brr-efd343496918b1e2b206dec1b159f68c5e9789ce7fbd9caf530e48b55fe621cf.exe.PML.csv,MALICIOUS
SlackSetup.exe.PML.csv,BENIGN
Trojan.BAT.Agent.brr-18bc2923de2dcc2cd8f9b198b6b4a34751905f5c84e3a07b79f1158bcaa04204.exe.PML.csv,MALICIOUS
Trojan.BAT.Agent.brr-2cd64b0025aa821f872713cb1d109fa80d589a886d61a91a9941acc8a10996a3.exe.PML.csv,MALICIOUS
Trojan.BAT.Agent.brr-7d89f1c703d209572f2595111429ec215d4a4a7aa2e5f1fb0c7ac6edad928b4e.exe.PML.csv,MALICIOUS
balenaEtcher.exe.PML.csv,BENIGN
Trojan.Win32.Phny.cg-48d2e7c1ad8e25fee3b1b67ce7e8558683f5bf8ee3ee5e8b72fa794ab01f7c7a.exe.PML.csv,MALICIOUS
Trojan.BAT.Agent.brr-f42dc894c794cf8613219d526506b8ca67ae6c249d9823a6745c5062461a5f1e.exe.PML.csv,MALICIOUS
2022-10-12_230d48d25ec0c2eaf4b10a5fc81b6701_cryptolocker.exe.PML.csv,MALICIOUS
2022-10-12_106bb484ed106239676caeac6a86f665_mafia_nionspy.exe.PML.csv,MALICIOUS
Trojan.BAT.Agent.brr-00479d0e5246dabcb95893b8a285b96bef270a3a00ddb617dc0e9623ed5779ad.exe.PML.csv,MALICIOUS
paintdotnet.exe.PML.csv,BENIGN
VoicemeeterSetup.exe.PML.csv,BENIGN
HEUR-Trojan-Spy.MSIL.Stealer.gen-48b3f374c95239bd35e8ca86deb5b8e5339b66ff390ad60ee3efc10b9cc026c4.exe.PML.csv,MALICIOUS
Trojan.BAT.Agent.brr-4d0952d0666d48f76b3a2c335e20aa5ece3b4bbab550afb0681c24001c002da2.exe.PML.csv,MALICIOUS
Trojan.BAT.Agent.brr-7957138741510e6e3dc4b3302dfb2d8646c4eb70f7396b71ef5e8e943e586a71.exe.PML.csv,MALICIOUS
OpenVPNInstaller.exe.PML.csv,BENIGN
Trojan.BAT.Agent.brr-2946f0ac9c907331e5c0f5efedf188d52f4b2ad70b000dd43d7f9ae5021479c2.exe.PML.csv,MALICIOUS
2022-10-12_224c12002ea61420431280bd04175c09_cryptolocker.exe.PML.csv,MALICIOUS
